Workbook

Sheet FX Monitor
A1: FX SPOT & FORWARD MONITOR
A3: SPOT RATES
A4: Ticker | B4: Live Price | C4: Date | D4: Bloomberg Formula | E4: T-1 Price | F4: Change (Pt) | G4: Change (%) | H4: Signal | I4: Notes
A5: USDTWD | B5: 32.576 | C5: =TODAY() | D5: =@BDP("USDTWD CURNCY","LAST PRICE") | E5: 32.54 | F5: =B5-E5 | G5: =B5/E5-1 | H5: >0 = USD Strengthening | I5: Adj Factor: 0.6667
A6: NTN+3M | B6: 31.727 | C6: T+3M | D6: =@BDP("NTN+3M CURNCY","LAST PRICE") | E6: 31.71 | F6: =B6-E6 | G6: =B6/E6-1
A7: NTN+12M | B7: 31.502 | C7: T+12M | D7: =@BDP("NTN+12M CURNCY","LAST PRICE") | E7: 31.485 | F7: =B7-E7 | G7: =B7/E7-1
A9: NDF FORWARD CURVE | G9: FX Factor: | H9: 1
A10: Tenor | B10: USDTWD NDF | C10: Bloomberg Formula | D10: Fwd / Spot | E10: USGG Yield | F10: Implied TWD Rate | G10: Fwd Points | H10: Ann. Carry (%) | I10: Log Ratio
A11: 1M | B11: 32.41 | C11: =BXFORWARD("USDTWD","1M","MIDOUTRIGHT","MarketType=NDF") | D11: =B11/$B$5 | E11: 5.31 | F11: 102.72 | G11: =(B11-$B$5)*10000 | H11: =(B11/$B$5-1)*(12/1)*100 | I11: =LN(B11/$B$5)*12/1
A12: 3M | B12: 32.295 | C12: =BXFORWARD("USDTWD","3M","MIDOUTRIGHT","MarketType=NDF") | D12: =B12/$B$5 | E12: 5.25 | F12: =(D12*(1+E12/100)^(3/12)-1)*100 | G12: =(B12-$B$5)*10000 | H12: =(B12/$B$5-1)*(12/3)*100 | I12: =LN(B12/$B$5)*12/3
A13: 12M | B13: 31.502 | C13: =BXFORWARD("USDTWD","12M","MIDOUTRIGHT","MarketType=NDF") | D13: =B13/$B$5 | E13: 4.85 | F13: =(D13*(1+E13/100)^(12/12)-1)*100 | G13: =(B13-$B$5)*10000 | H13: =(B13/$B$5-1)*(12/12)*100 | I13: =LN(B13/$B$5)*12/12
A14: 24M | B14: 30.85 | C14: =BXFORWARD("USDTWD","24M","MIDOUTRIGHT","MarketType=NDF") | D14: =B14/$B$5 | E14: 4.6 | F14: =((B14/$B$5)^(12/24)-1)*100+E14 | G14: =(B14-$B$5)*10000 | H14: =(B14/$B$5-1)*(12/24)*100 | I14: =LN(B14/$B$5)*12/24
A15: 36M | B15: 30.31 | C15: =BXFORWARD("USDTWD","36M","MIDOUTRIGHT","MarketType=NDF") | D15: =B15/$B$5 | E15: 4.4 | F15: =((B15/$B$5)^(12/36)-1)*100+E15 | G15: =(B15-$B$5)*10000 | H15: =(B15/$B$5-1)*(12/36)*100 | I15: =LN(B15/$B$5)*12/36
A18: FX IMPACT ON DELTA HEDGES
A19: Delta | B19: Underlying | C19: Stock % | D19: Notional (USD) | E19: TWD Line (Nuke) | F19: FX Impact | G19: Net Impact | H19: Name
A20: -0.75 | B20: 6669.TT | C20: -0.55 | D20: -412500 | E20: -1710 | F20: =E20*F5/10000 | G20: =D20+F20 | H20: Wiwynn CLZCB
A21: -0.65 | B21: 2330.TT | C21: -0.4 | D21: -260000 | E21: -1650 | F21: =E21*F5/10000 | G21: =D21+F21 | H21: TSMC CB (example)
A22: -0.8 | B22: 2454.TT | C22: -0.6 | D22: -480000 | E22: -2114 | F22: =E22*F5/10000 | G22: =D22+F22 | H22: MediaTek CB (example)
A24: Note: Bloomberg formulas (BDP, BDH, BXFORWARD) require an active Bloomberg Terminal connection. Replace with live data feeds or manual inputs as needed.

Sheet Rate Curves
A1: INTEREST RATE & IMPLIED RATE DASHBOARD
A3: Tenor | B3: USGG Yield (%) | C3: BBG Ticker | D3: TWD IRS (%) | E3: Rate Diff (bps) | F3: Implied Fwd Pts | G3: CIP Deviation (bps)
A4: 1M | B4: 5.31 | C4: USGG1M Index | D4: 2.1 | E4: =(B4-D4)*100 | F4: ='FX Monitor'!$B$5*(D4-B4)/100*10000
A5: 3M | B5: 5.25 | C5: USGG3M Index | D5: 2.05 | E5: =(B5-D5)*100 | F5: ='FX Monitor'!$B$5*(D5-B5)/100*10000
A6: 6M | B6: 5.1 | C6: USGG6M Index | D6: 1.95 | E6: =(B6-D6)*100 | F6: ='FX Monitor'!$B$5*(D6-B6)/100*10000
A7: 1Y | B7: 4.85 | C7: USOSFR1 BGN Curncy | D7: 1.8 | E7: =(B7-D7)*100 | F7: ='FX Monitor'!$B$5*(D7-B7)/100*10000
A8: 2Y | B8: 4.6 | C8: USOSFR2 BGN Curncy | D8: 1.7 | E8: =(B8-D8)*100 | F8: ='FX Monitor'!$B$5*(D8-B8)/100*10000
A9: 3Y | B9: 4.4 | C9: USOSFR3 BGN Curncy | D9: 1.65 | E9: =(B9-D9)*100 | F9: ='FX Monitor'!$B$5*(D9-B9)/100*10000
A10: 5Y | B10: 4.2 | C10: USOSFR5 BGN Curncy | D10: 1.6 | E10: =(B10-D10)*100 | F10: ='FX Monitor'!$B$5*(D10-B10)/100*10000

Sheet Formula Reference
A1: BLOOMBERG FORMULA REFERENCE
A3: Purpose | B3: Formula | C3: Notes
A4: Spot USDTWD | B4: =@BDP("USDTWD CURNCY","LAST PRICE") | C4: Live spot rate
A5: T-1 Spot (previous business day) | B5: =WORKDAY(TODAY(),-1,$AP$3:$AP$22) | C5: Requires holiday calendar in $AP$3:$AP$22
A6: Historical Close | B6: =@BDH("USDTWD CURNCY","Close",TEXT(date,"YYYY-MM-DD")) | C6: Single-date historical pull
A7: NDF Forward (1M example) | B7: =BXFORWARD("USDTWD","1M","MIDOUTRIGHT","MarketType=NDF") | C7: Mid outright NDF rate
A8: NTN Forward Price | B8: =@BDP("NTN+3M CURNCY","LAST PRICE") | C8: Non-deliverable TWD forward
A9: USGG Yield (1M) | B9: =BDP("USGG1M Index","px last") | C9: US Treasury yield
A10: SOFR Swap Rate (1Y) | B10: =BDP("USOSFR1 BGN Curncy","px last") | C10: USD OIS/SOFR swap rate
A11: Implied TWD Rate (CIP) | B11: =(Fwd/Spot)*(1+r_USD)^T - 1 | C11: Covered interest rate parity derivation
A12: Daily Change | B12: =B_today / B_yesterday - 1 | C12: Percentage change calculation
A13: Forward Points | B13: =(NDF - Spot) * 10,000 | C13: Standard market convention
A14: Annualised Carry | B14: =(Fwd/Spot - 1) * (12/months) * 100 | C14: Annualise the forward premium/discount
A15: Log Forward Ratio | B15: =LN(Fwd/Spot) * 12/months | C15: Continuous compounding equivalent
